img,cls
database\art_1\193000.jpg,database\art_1
database\art_1\193001.jpg,database\art_1
database\art_1\193002.jpg,database\art_1
database\art_1\193003.jpg,database\art_1
database\art_1\193004.jpg,database\art_1
database\art_1\193005.jpg,database\art_1
database\art_1\193006.jpg,database\art_1
database\art_1\193007.jpg,database\art_1
database\art_1\193008.jpg,database\art_1
database\art_1\193009.jpg,database\art_1
database\art_1\193010.jpg,database\art_1
database\art_1\193011.jpg,database\art_1
database\art_1\193012.jpg,database\art_1
database\art_1\193013.jpg,database\art_1
database\art_1\193014.jpg,database\art_1
database\art_1\193015.jpg,database\art_1
database\art_1\193016.jpg,database\art_1
database\art_1\193017.jpg,database\art_1
database\art_1\193018.jpg,database\art_1
database\art_1\193019.jpg,database\art_1
database\art_1\193020.jpg,database\art_1
database\art_1\193021.jpg,database\art_1
database\art_1\193022.jpg,database\art_1
database\art_1\193023.jpg,database\art_1
database\art_1\193024.jpg,database\art_1
database\art_1\193025.jpg,database\art_1
database\art_1\193026.jpg,database\art_1
database\art_1\193027.jpg,database\art_1
database\art_1\193028.jpg,database\art_1
database\art_1\193029.jpg,database\art_1
database\art_1\193030.jpg,database\art_1
database\art_1\193031.jpg,database\art_1
database\art_1\193032.jpg,database\art_1
database\art_1\193033.jpg,database\art_1
database\art_1\193034.jpg,database\art_1
database\art_1\193035.jpg,database\art_1
database\art_1\193036.jpg,database\art_1
database\art_1\193037.jpg,database\art_1
database\art_1\193038.jpg,database\art_1
database\art_1\193039.jpg,database\art_1
database\art_1\193040.jpg,database\art_1
database\art_1\193041.jpg,database\art_1
database\art_1\193042.jpg,database\art_1
database\art_1\193043.jpg,database\art_1
database\art_1\193044.jpg,database\art_1
database\art_1\193045.jpg,database\art_1
database\art_1\193046.jpg,database\art_1
database\art_1\193047.jpg,database\art_1
database\art_1\193048.jpg,database\art_1
database\art_1\193049.jpg,database\art_1
database\art_1\193050.jpg,database\art_1
database\art_1\193051.jpg,database\art_1
database\art_1\193052.jpg,database\art_1
database\art_1\193053.jpg,database\art_1
database\art_1\193054.jpg,database\art_1
database\art_1\193055.jpg,database\art_1
database\art_1\193056.jpg,database\art_1
database\art_1\193057.jpg,database\art_1
database\art_1\193058.jpg,database\art_1
database\art_1\193059.jpg,database\art_1
database\art_1\193060.jpg,database\art_1
database\art_1\193061.jpg,database\art_1
database\art_1\193062.jpg,database\art_1
database\art_1\193063.jpg,database\art_1
database\art_1\193064.jpg,database\art_1
database\art_1\193065.jpg,database\art_1
database\art_1\193066.jpg,database\art_1
database\art_1\193067.jpg,database\art_1
database\art_1\193068.jpg,database\art_1
database\art_1\193069.jpg,database\art_1
database\art_1\193070.jpg,database\art_1
database\art_1\193071.jpg,database\art_1
database\art_1\193072.jpg,database\art_1
database\art_1\193073.jpg,database\art_1
database\art_1\193074.jpg,database\art_1
database\art_1\193075.jpg,database\art_1
database\art_1\193076.jpg,database\art_1
database\art_1\193077.jpg,database\art_1
database\art_1\193078.jpg,database\art_1
database\art_1\193079.jpg,database\art_1
database\art_1\193080.jpg,database\art_1
database\art_1\193081.jpg,database\art_1
database\art_1\193082.jpg,database\art_1
database\art_1\193083.jpg,database\art_1
database\art_1\193084.jpg,database\art_1
database\art_1\193085.jpg,database\art_1
database\art_1\193086.jpg,database\art_1
database\art_1\193087.jpg,database\art_1
database\art_1\193088.jpg,database\art_1
database\art_1\193089.jpg,database\art_1
database\art_1\193090.jpg,database\art_1
database\art_1\193091.jpg,database\art_1
database\art_1\193092.jpg,database\art_1
database\art_1\193093.jpg,database\art_1
database\art_1\193094.jpg,database\art_1
database\art_1\193095.jpg,database\art_1
database\art_1\193096.jpg,database\art_1
database\art_1\193097.jpg,database\art_1
database\art_1\193098.jpg,database\art_1
database\art_1\193099.jpg,database\art_1
database\art_cybr\283000.jpg,database\art_cybr
database\art_cybr\283001.jpg,database\art_cybr
database\art_cybr\283002.jpg,database\art_cybr
database\art_cybr\283003.jpg,database\art_cybr
database\art_cybr\283004.jpg,database\art_cybr
database\art_cybr\283005.jpg,database\art_cybr
database\art_cybr\283006.jpg,database\art_cybr
database\art_cybr\283007.jpg,database\art_cybr
database\art_cybr\283008.jpg,database\art_cybr
database\art_cybr\283009.jpg,database\art_cybr
database\art_cybr\283010.jpg,database\art_cybr
database\art_cybr\283011.jpg,database\art_cybr
database\art_cybr\283012.jpg,database\art_cybr
database\art_cybr\283013.jpg,database\art_cybr
database\art_cybr\283014.jpg,database\art_cybr
database\art_cybr\283015.jpg,database\art_cybr
database\art_cybr\283016.jpg,database\art_cybr
database\art_cybr\283017.jpg,database\art_cybr
database\art_cybr\283018.jpg,database\art_cybr
database\art_cybr\283019.jpg,database\art_cybr
database\art_cybr\283020.jpg,database\art_cybr
database\art_cybr\283021.jpg,database\art_cybr
database\art_cybr\283022.jpg,database\art_cybr
database\art_cybr\283023.jpg,database\art_cybr
database\art_cybr\283024.jpg,database\art_cybr
database\art_cybr\283025.jpg,database\art_cybr
database\art_cybr\283026.jpg,database\art_cybr
database\art_cybr\283027.jpg,database\art_cybr
database\art_cybr\283028.jpg,database\art_cybr
database\art_cybr\283029.jpg,database\art_cybr
database\art_cybr\283030.jpg,database\art_cybr
database\art_cybr\283031.jpg,database\art_cybr
database\art_cybr\283032.jpg,database\art_cybr
database\art_cybr\283033.jpg,database\art_cybr
database\art_cybr\283034.jpg,database\art_cybr
database\art_cybr\283035.jpg,database\art_cybr
database\art_cybr\283036.jpg,database\art_cybr
database\art_cybr\283037.jpg,database\art_cybr
database\art_cybr\283038.jpg,database\art_cybr
database\art_cybr\283039.jpg,database\art_cybr
database\art_cybr\283040.jpg,database\art_cybr
database\art_cybr\283041.jpg,database\art_cybr
database\art_cybr\283042.jpg,database\art_cybr
database\art_cybr\283043.jpg,database\art_cybr
database\art_cybr\283044.jpg,database\art_cybr
database\art_cybr\283045.jpg,database\art_cybr
database\art_cybr\283046.jpg,database\art_cybr
database\art_cybr\283047.jpg,database\art_cybr
database\art_cybr\283048.jpg,database\art_cybr
database\art_cybr\283049.jpg,database\art_cybr
database\art_cybr\283050.jpg,database\art_cybr
database\art_cybr\283051.jpg,database\art_cybr
database\art_cybr\283052.jpg,database\art_cybr
database\art_cybr\283053.jpg,database\art_cybr
database\art_cybr\283054.jpg,database\art_cybr
database\art_cybr\283055.jpg,database\art_cybr
database\art_cybr\283056.jpg,database\art_cybr
database\art_cybr\283057.jpg,database\art_cybr
database\art_cybr\283058.jpg,database\art_cybr
database\art_cybr\283059.jpg,database\art_cybr
database\art_cybr\283060.jpg,database\art_cybr
database\art_cybr\283061.jpg,database\art_cybr
database\art_cybr\283062.jpg,database\art_cybr
database\art_cybr\283063.jpg,database\art_cybr
database\art_cybr\283064.jpg,database\art_cybr
database\art_cybr\283065.jpg,database\art_cybr
database\art_cybr\283066.jpg,database\art_cybr
database\art_cybr\283067.jpg,database\art_cybr
database\art_cybr\283068.jpg,database\art_cybr
database\art_cybr\283069.jpg,database\art_cybr
database\art_cybr\283070.jpg,database\art_cybr
database\art_cybr\283071.jpg,database\art_cybr
database\art_cybr\283072.jpg,database\art_cybr
database\art_cybr\283073.jpg,database\art_cybr
database\art_cybr\283074.jpg,database\art_cybr
database\art_cybr\283075.jpg,database\art_cybr
database\art_cybr\283076.jpg,database\art_cybr
database\art_cybr\283077.jpg,database\art_cybr
database\art_cybr\283078.jpg,database\art_cybr
database\art_cybr\283079.jpg,database\art_cybr
database\art_cybr\283080.jpg,database\art_cybr
database\art_cybr\283081.jpg,database\art_cybr
database\art_cybr\283082.jpg,database\art_cybr
database\art_cybr\283083.jpg,database\art_cybr
database\art_cybr\283084.jpg,database\art_cybr
database\art_cybr\283085.jpg,database\art_cybr
database\art_cybr\283086.jpg,database\art_cybr
database\art_cybr\283087.jpg,database\art_cybr
database\art_cybr\283088.jpg,database\art_cybr
database\art_cybr\283089.jpg,database\art_cybr
database\art_cybr\283090.jpg,database\art_cybr
database\art_cybr\283091.jpg,database\art_cybr
database\art_cybr\283092.jpg,database\art_cybr
database\art_cybr\283093.jpg,database\art_cybr
database\art_cybr\283094.jpg,database\art_cybr
database\art_cybr\283095.jpg,database\art_cybr
database\art_cybr\283096.jpg,database\art_cybr
database\art_cybr\283097.jpg,database\art_cybr
database\art_cybr\283098.jpg,database\art_cybr
database\art_cybr\283099.jpg,database\art_cybr
database\art_cybr\797000.jpg,database\art_cybr
database\art_cybr\797001.jpg,database\art_cybr
database\art_cybr\797002.jpg,database\art_cybr
database\art_cybr\797003.jpg,database\art_cybr
database\art_cybr\797004.jpg,database\art_cybr
database\art_cybr\797005.jpg,database\art_cybr
database\art_cybr\797006.jpg,database\art_cybr
database\art_cybr\797007.jpg,database\art_cybr
database\art_cybr\797008.jpg,database\art_cybr
database\art_cybr\797009.jpg,database\art_cybr
database\art_cybr\797010.jpg,database\art_cybr
database\art_cybr\797011.jpg,database\art_cybr
database\art_cybr\797012.jpg,database\art_cybr
database\art_cybr\797013.jpg,database\art_cybr
database\art_cybr\797014.jpg,database\art_cybr
database\art_cybr\797015.jpg,database\art_cybr
database\art_cybr\797016.jpg,database\art_cybr
database\art_cybr\797017.jpg,database\art_cybr
database\art_cybr\797018.jpg,database\art_cybr
database\art_cybr\797019.jpg,database\art_cybr
database\art_cybr\797020.jpg,database\art_cybr
database\art_cybr\797021.jpg,database\art_cybr
database\art_cybr\797022.jpg,database\art_cybr
database\art_cybr\797023.jpg,database\art_cybr
database\art_cybr\797024.jpg,database\art_cybr
database\art_cybr\797025.jpg,database\art_cybr
database\art_cybr\797026.jpg,database\art_cybr
database\art_cybr\797027.jpg,database\art_cybr
database\art_cybr\797028.jpg,database\art_cybr
database\art_cybr\797029.jpg,database\art_cybr
database\art_cybr\797030.jpg,database\art_cybr
database\art_cybr\797031.jpg,database\art_cybr
database\art_cybr\797032.jpg,database\art_cybr
database\art_cybr\797033.jpg,database\art_cybr
database\art_cybr\797034.jpg,database\art_cybr
database\art_cybr\797035.jpg,database\art_cybr
database\art_cybr\797036.jpg,database\art_cybr
database\art_cybr\797037.jpg,database\art_cybr
database\art_cybr\797038.jpg,database\art_cybr
database\art_cybr\797039.jpg,database\art_cybr
database\art_cybr\797040.jpg,database\art_cybr
database\art_cybr\797041.jpg,database\art_cybr
database\art_cybr\797042.jpg,database\art_cybr
database\art_cybr\797043.jpg,database\art_cybr
database\art_cybr\797044.jpg,database\art_cybr
database\art_cybr\797045.jpg,database\art_cybr
database\art_cybr\797046.jpg,database\art_cybr
database\art_cybr\797047.jpg,database\art_cybr
database\art_cybr\797048.jpg,database\art_cybr
database\art_cybr\797049.jpg,database\art_cybr
database\art_cybr\797050.jpg,database\art_cybr
database\art_cybr\797051.jpg,database\art_cybr
database\art_cybr\797052.jpg,database\art_cybr
database\art_cybr\797053.jpg,database\art_cybr
database\art_cybr\797054.jpg,database\art_cybr
database\art_cybr\797055.jpg,database\art_cybr
database\art_cybr\797056.jpg,database\art_cybr
database\art_cybr\797057.jpg,database\art_cybr
database\art_cybr\797058.jpg,database\art_cybr
database\art_cybr\797059.jpg,database\art_cybr
database\art_cybr\797060.jpg,database\art_cybr
database\art_cybr\797061.jpg,database\art_cybr
database\art_cybr\797062.jpg,database\art_cybr
database\art_cybr\797063.jpg,database\art_cybr
database\art_cybr\797064.jpg,database\art_cybr
database\art_cybr\797065.jpg,database\art_cybr
database\art_cybr\797066.jpg,database\art_cybr
database\art_cybr\797067.jpg,database\art_cybr
database\art_cybr\797068.jpg,database\art_cybr
database\art_cybr\797069.jpg,database\art_cybr
database\art_cybr\797070.jpg,database\art_cybr
database\art_cybr\797071.jpg,database\art_cybr
database\art_cybr\797072.jpg,database\art_cybr
database\art_cybr\797073.jpg,database\art_cybr
database\art_cybr\797074.jpg,database\art_cybr
database\art_cybr\797075.jpg,database\art_cybr
database\art_cybr\797076.jpg,database\art_cybr
database\art_cybr\797077.jpg,database\art_cybr
database\art_cybr\797078.jpg,database\art_cybr
database\art_cybr\797079.jpg,database\art_cybr
database\art_cybr\797080.jpg,database\art_cybr
database\art_cybr\797081.jpg,database\art_cybr
database\art_cybr\797082.jpg,database\art_cybr
database\art_cybr\797083.jpg,database\art_cybr
database\art_cybr\797084.jpg,database\art_cybr
database\art_cybr\797085.jpg,database\art_cybr
database\art_cybr\797086.jpg,database\art_cybr
database\art_cybr\797087.jpg,database\art_cybr
database\art_cybr\797088.jpg,database\art_cybr
database\art_cybr\797089.jpg,database\art_cybr
database\art_cybr\797090.jpg,database\art_cybr
database\art_cybr\797091.jpg,database\art_cybr
database\art_cybr\797092.jpg,database\art_cybr
database\art_cybr\797093.jpg,database\art_cybr
database\art_cybr\797094.jpg,database\art_cybr
database\art_cybr\797095.jpg,database\art_cybr
database\art_cybr\797096.jpg,database\art_cybr
database\art_cybr\797097.jpg,database\art_cybr
database\art_cybr\797098.jpg,database\art_cybr
database\art_cybr\797099.jpg,database\art_cybr
database\art_mural\554000.jpg,database\art_mural
database\art_mural\554001.jpg,database\art_mural
database\art_mural\554002.jpg,database\art_mural
database\art_mural\554003.jpg,database\art_mural
database\art_mural\554004.jpg,database\art_mural
database\art_mural\554005.jpg,database\art_mural
database\art_mural\554006.jpg,database\art_mural
database\art_mural\554007.jpg,database\art_mural
database\art_mural\554008.jpg,database\art_mural
database\art_mural\554009.jpg,database\art_mural
database\art_mural\554010.jpg,database\art_mural
database\art_mural\554011.jpg,database\art_mural
database\art_mural\554012.jpg,database\art_mural
database\art_mural\554013.jpg,database\art_mural
database\art_mural\554014.jpg,database\art_mural
database\art_mural\554015.jpg,database\art_mural
database\art_mural\554016.jpg,database\art_mural
database\art_mural\554017.jpg,database\art_mural
database\art_mural\554018.jpg,database\art_mural
database\art_mural\554019.jpg,database\art_mural
database\art_mural\554020.jpg,database\art_mural
database\art_mural\554021.jpg,database\art_mural
database\art_mural\554022.jpg,database\art_mural
database\art_mural\554023.jpg,database\art_mural
database\art_mural\554024.jpg,database\art_mural
database\art_mural\554025.jpg,database\art_mural
database\art_mural\554026.jpg,database\art_mural
database\art_mural\554027.jpg,database\art_mural
database\art_mural\554028.jpg,database\art_mural
database\art_mural\554029.jpg,database\art_mural
database\art_mural\554030.jpg,database\art_mural
database\art_mural\554031.jpg,database\art_mural
database\art_mural\554032.jpg,database\art_mural
database\art_mural\554033.jpg,database\art_mural
database\art_mural\554034.jpg,database\art_mural
database\art_mural\554035.jpg,database\art_mural
database\art_mural\554036.jpg,database\art_mural
database\art_mural\554037.jpg,database\art_mural
database\art_mural\554038.jpg,database\art_mural
database\art_mural\554039.jpg,database\art_mural
database\art_mural\554040.jpg,database\art_mural
database\art_mural\554041.jpg,database\art_mural
database\art_mural\554042.jpg,database\art_mural
database\art_mural\554043.jpg,database\art_mural
database\art_mural\554044.jpg,database\art_mural
database\art_mural\554045.jpg,database\art_mural
database\art_mural\554046.jpg,database\art_mural
database\art_mural\554047.jpg,database\art_mural
database\art_mural\554048.jpg,database\art_mural
database\art_mural\554049.jpg,database\art_mural
database\art_mural\554050.jpg,database\art_mural
database\art_mural\554051.jpg,database\art_mural
database\art_mural\554052.jpg,database\art_mural
database\art_mural\554053.jpg,database\art_mural
database\art_mural\554054.jpg,database\art_mural
database\art_mural\554055.jpg,database\art_mural
database\art_mural\554056.jpg,database\art_mural
database\art_mural\554057.jpg,database\art_mural
database\art_mural\554058.jpg,database\art_mural
database\art_mural\554059.jpg,database\art_mural
database\art_mural\554060.jpg,database\art_mural
database\art_mural\554061.jpg,database\art_mural
database\art_mural\554062.jpg,database\art_mural
database\art_mural\554063.jpg,database\art_mural
database\art_mural\554064.jpg,database\art_mural
database\art_mural\554065.jpg,database\art_mural
database\art_mural\554066.jpg,database\art_mural
database\art_mural\554067.jpg,database\art_mural
database\art_mural\554068.jpg,database\art_mural
database\art_mural\554069.jpg,database\art_mural
database\art_mural\554070.jpg,database\art_mural
database\art_mural\554071.jpg,database\art_mural
database\art_mural\554072.jpg,database\art_mural
database\art_mural\554073.jpg,database\art_mural
database\art_mural\554074.jpg,database\art_mural
database\art_mural\554075.jpg,database\art_mural
database\art_mural\554076.jpg,database\art_mural
database\art_mural\554077.jpg,database\art_mural
database\art_mural\554078.jpg,database\art_mural
database\art_mural\554079.jpg,database\art_mural
database\art_mural\554080.jpg,database\art_mural
database\art_mural\554081.jpg,database\art_mural
database\art_mural\554082.jpg,database\art_mural
database\art_mural\554083.jpg,database\art_mural
database\art_mural\554084.jpg,database\art_mural
database\art_mural\554085.jpg,database\art_mural
database\art_mural\554086.jpg,database\art_mural
database\art_mural\554087.jpg,database\art_mural
database\art_mural\554088.jpg,database\art_mural
database\art_mural\554089.jpg,database\art_mural
database\art_mural\554090.jpg,database\art_mural
database\art_mural\554091.jpg,database\art_mural
database\art_mural\554092.jpg,database\art_mural
database\art_mural\554093.jpg,database\art_mural
database\art_mural\554094.jpg,database\art_mural
database\art_mural\554095.jpg,database\art_mural
database\art_mural\554096.jpg,database\art_mural
database\art_mural\554097.jpg,database\art_mural
database\art_mural\554098.jpg,database\art_mural
database\art_mural\554099.jpg,database\art_mural
database\bld_lighthse\387000.jpg,database\bld_lighthse
database\bld_lighthse\387001.jpg,database\bld_lighthse
database\bld_lighthse\387002.jpg,database\bld_lighthse
database\bld_lighthse\387003.jpg,database\bld_lighthse
database\bld_lighthse\387004.jpg,database\bld_lighthse
database\bld_lighthse\387005.jpg,database\bld_lighthse
database\bld_lighthse\387006.jpg,database\bld_lighthse
database\bld_lighthse\387007.jpg,database\bld_lighthse
database\bld_lighthse\387008.jpg,database\bld_lighthse
database\bld_lighthse\387009.jpg,database\bld_lighthse
database\bld_lighthse\387010.jpg,database\bld_lighthse
database\bld_lighthse\387011.jpg,database\bld_lighthse
database\bld_lighthse\387012.jpg,database\bld_lighthse
database\bld_lighthse\387013.jpg,database\bld_lighthse
database\bld_lighthse\387014.jpg,database\bld_lighthse
database\bld_lighthse\387015.jpg,database\bld_lighthse
database\bld_lighthse\387016.jpg,database\bld_lighthse
database\bld_lighthse\387017.jpg,database\bld_lighthse
database\bld_lighthse\387018.jpg,database\bld_lighthse
database\bld_lighthse\387019.jpg,database\bld_lighthse
database\bld_lighthse\387020.jpg,database\bld_lighthse
database\bld_lighthse\387021.jpg,database\bld_lighthse
database\bld_lighthse\387022.jpg,database\bld_lighthse
database\bld_lighthse\387023.jpg,database\bld_lighthse
database\bld_lighthse\387024.jpg,database\bld_lighthse
database\bld_lighthse\387025.jpg,database\bld_lighthse
database\bld_lighthse\387026.jpg,database\bld_lighthse
database\bld_lighthse\387027.jpg,database\bld_lighthse
database\bld_lighthse\387028.jpg,database\bld_lighthse
database\bld_lighthse\387029.jpg,database\bld_lighthse
database\bld_lighthse\387030.jpg,database\bld_lighthse
database\bld_lighthse\387031.jpg,database\bld_lighthse
database\bld_lighthse\387032.jpg,database\bld_lighthse
database\bld_lighthse\387033.jpg,database\bld_lighthse
database\bld_lighthse\387034.jpg,database\bld_lighthse
database\bld_lighthse\387035.jpg,database\bld_lighthse
database\bld_lighthse\387036.jpg,database\bld_lighthse
database\bld_lighthse\387037.jpg,database\bld_lighthse
database\bld_lighthse\387038.jpg,database\bld_lighthse
database\bld_lighthse\387039.jpg,database\bld_lighthse
database\bld_lighthse\387040.jpg,database\bld_lighthse
database\bld_lighthse\387041.jpg,database\bld_lighthse
database\bld_lighthse\387042.jpg,database\bld_lighthse
database\bld_lighthse\387043.jpg,database\bld_lighthse
database\bld_lighthse\387044.jpg,database\bld_lighthse
database\bld_lighthse\387045.jpg,database\bld_lighthse
database\bld_lighthse\387046.jpg,database\bld_lighthse
database\bld_lighthse\387047.jpg,database\bld_lighthse
database\bld_lighthse\387048.jpg,database\bld_lighthse
database\bld_lighthse\387049.jpg,database\bld_lighthse
database\bld_lighthse\387050.jpg,database\bld_lighthse
database\bld_lighthse\387051.jpg,database\bld_lighthse
database\bld_lighthse\387052.jpg,database\bld_lighthse
database\bld_lighthse\387053.jpg,database\bld_lighthse
database\bld_lighthse\387054.jpg,database\bld_lighthse
database\bld_lighthse\387055.jpg,database\bld_lighthse
database\bld_lighthse\387056.jpg,database\bld_lighthse
database\bld_lighthse\387057.jpg,database\bld_lighthse
database\bld_lighthse\387058.jpg,database\bld_lighthse
database\bld_lighthse\387059.jpg,database\bld_lighthse
database\bld_lighthse\387060.jpg,database\bld_lighthse
database\bld_lighthse\387061.jpg,database\bld_lighthse
database\bld_lighthse\387062.jpg,database\bld_lighthse
database\bld_lighthse\387063.jpg,database\bld_lighthse
database\bld_lighthse\387064.jpg,database\bld_lighthse
database\bld_lighthse\387065.jpg,database\bld_lighthse
database\bld_lighthse\387066.jpg,database\bld_lighthse
database\bld_lighthse\387067.jpg,database\bld_lighthse
database\bld_lighthse\387068.jpg,database\bld_lighthse
database\bld_lighthse\387069.jpg,database\bld_lighthse
database\bld_lighthse\387070.jpg,database\bld_lighthse
database\bld_lighthse\387071.jpg,database\bld_lighthse
database\bld_lighthse\387072.jpg,database\bld_lighthse
database\bld_lighthse\387073.jpg,database\bld_lighthse
database\bld_lighthse\387074.jpg,database\bld_lighthse
database\bld_lighthse\387075.jpg,database\bld_lighthse
database\bld_lighthse\387076.jpg,database\bld_lighthse
database\bld_lighthse\387077.jpg,database\bld_lighthse
database\bld_lighthse\387078.jpg,database\bld_lighthse
database\bld_lighthse\387079.jpg,database\bld_lighthse
database\bld_lighthse\387080.jpg,database\bld_lighthse
database\bld_lighthse\387081.jpg,database\bld_lighthse
database\bld_lighthse\387082.jpg,database\bld_lighthse
database\bld_lighthse\387083.jpg,database\bld_lighthse
database\bld_lighthse\387084.jpg,database\bld_lighthse
database\bld_lighthse\387085.jpg,database\bld_lighthse
database\bld_lighthse\387086.jpg,database\bld_lighthse
database\bld_lighthse\387087.jpg,database\bld_lighthse
database\bld_lighthse\387088.jpg,database\bld_lighthse
database\bld_lighthse\387089.jpg,database\bld_lighthse
database\bld_lighthse\387090.jpg,database\bld_lighthse
database\bld_lighthse\387091.jpg,database\bld_lighthse
database\bld_lighthse\387092.jpg,database\bld_lighthse
database\bld_lighthse\387093.jpg,database\bld_lighthse
database\bld_lighthse\387094.jpg,database\bld_lighthse
database\bld_lighthse\387095.jpg,database\bld_lighthse
database\bld_lighthse\387096.jpg,database\bld_lighthse
database\bld_lighthse\387097.jpg,database\bld_lighthse
database\bld_lighthse\387098.jpg,database\bld_lighthse
database\bld_lighthse\387099.jpg,database\bld_lighthse
database\bld_modern\212001.jpg,database\bld_modern
database\bld_modern\212003.jpg,database\bld_modern
database\bld_modern\212004.jpg,database\bld_modern
database\bld_modern\212007.jpg,database\bld_modern
database\bld_modern\212008.jpg,database\bld_modern
database\bld_modern\212009.jpg,database\bld_modern
database\bld_modern\212014.jpg,database\bld_modern
database\bld_modern\212015.jpg,database\bld_modern
database\bld_modern\212016.jpg,database\bld_modern
database\bld_modern\212017.jpg,database\bld_modern
database\bld_modern\212018.jpg,database\bld_modern
database\bld_modern\212019.jpg,database\bld_modern
database\bld_modern\212026.jpg,database\bld_modern
database\bld_modern\212029.jpg,database\bld_modern
database\bld_modern\212030.jpg,database\bld_modern
database\bld_modern\212033.jpg,database\bld_modern
database\bld_modern\212034.jpg,database\bld_modern
database\bld_modern\212043.jpg,database\bld_modern
database\bld_modern\212044.jpg,database\bld_modern
database\bld_modern\212045.jpg,database\bld_modern
database\bld_modern\212046.jpg,database\bld_modern
database\bld_modern\212047.jpg,database\bld_modern
database\bld_modern\212055.jpg,database\bld_modern
database\bld_modern\212057.jpg,database\bld_modern
database\bld_modern\212059.jpg,database\bld_modern
database\bld_modern\212062.jpg,database\bld_modern
database\bld_modern\212063.jpg,database\bld_modern
database\bld_modern\212064.jpg,database\bld_modern
database\bld_modern\212066.jpg,database\bld_modern
database\bld_modern\212067.jpg,database\bld_modern
database\bld_modern\212070.jpg,database\bld_modern
database\bld_modern\212074.jpg,database\bld_modern
database\bld_modern\212076.jpg,database\bld_modern
database\bld_modern\212077.jpg,database\bld_modern
database\bld_modern\212083.jpg,database\bld_modern
database\bld_modern\212084.jpg,database\bld_modern
database\bld_modern\212085.jpg,database\bld_modern
database\bld_modern\212086.jpg,database\bld_modern
database\bld_modern\212087.jpg,database\bld_modern
database\bld_modern\212088.jpg,database\bld_modern
database\bld_modern\212089.jpg,database\bld_modern
database\bld_modern\212090.jpg,database\bld_modern
database\bld_modern\212091.jpg,database\bld_modern
database\bld_modern\212092.jpg,database\bld_modern
database\bld_modern\212093.jpg,database\bld_modern
database\bld_modern\212094.jpg,database\bld_modern
database\bld_modern\212095.jpg,database\bld_modern
database\bld_modern\212096.jpg,database\bld_modern
database\bld_modern\212097.jpg,database\bld_modern
database\bld_modern\212098.jpg,database\bld_modern
database\bld_modern\212099.jpg,database\bld_modern
database\bld_modern\244002.jpg,database\bld_modern
database\bld_modern\244003.jpg,database\bld_modern
database\bld_modern\244005.jpg,database\bld_modern
database\bld_modern\244007.jpg,database\bld_modern
database\bld_modern\244009.jpg,database\bld_modern
database\bld_modern\244012.jpg,database\bld_modern
database\bld_modern\244014.jpg,database\bld_modern
database\bld_modern\244015.jpg,database\bld_modern
database\bld_modern\244021.jpg,database\bld_modern
database\bld_modern\244030.jpg,database\bld_modern
database\bld_modern\244031.jpg,database\bld_modern
database\bld_modern\244033.jpg,database\bld_modern
database\bld_modern\244034.jpg,database\bld_modern
database\bld_modern\244040.jpg,database\bld_modern
database\bld_modern\244043.jpg,database\bld_modern
database\bld_modern\244045.jpg,database\bld_modern
database\bld_modern\244048.jpg,database\bld_modern
database\bld_modern\244055.jpg,database\bld_modern
database\bld_modern\244056.jpg,database\bld_modern
database\bld_modern\244059.jpg,database\bld_modern
database\bld_modern\244060.jpg,database\bld_modern
database\bld_modern\244067.jpg,database\bld_modern
database\bld_modern\244068.jpg,database\bld_modern
database\bld_modern\244070.jpg,database\bld_modern
database\bld_modern\244071.jpg,database\bld_modern
database\bld_modern\244075.jpg,database\bld_modern
database\bld_modern\244076.jpg,database\bld_modern
database\bld_modern\244078.jpg,database\bld_modern
database\bld_modern\244081.jpg,database\bld_modern
database\bld_modern\244082.jpg,database\bld_modern
database\bld_modern\244085.jpg,database\bld_modern
database\bld_modern\244086.jpg,database\bld_modern
database\bld_modern\244087.jpg,database\bld_modern
database\bld_modern\244090.jpg,database\bld_modern
database\bld_modern\244091.jpg,database\bld_modern
database\bld_modern\438000.jpg,database\bld_modern
database\bld_modern\438004.jpg,database\bld_modern
database\bld_modern\438005.jpg,database\bld_modern
database\bld_modern\438006.jpg,database\bld_modern
database\bld_modern\438007.jpg,database\bld_modern
database\bld_modern\438008.jpg,database\bld_modern
database\bld_modern\438009.jpg,database\bld_modern
database\bld_modern\438010.jpg,database\bld_modern
database\bld_modern\438011.jpg,database\bld_modern
database\bld_modern\438012.jpg,database\bld_modern
database\bld_modern\438037.jpg,database\bld_modern
database\bld_modern\438038.jpg,database\bld_modern
database\bld_modern\438046.jpg,database\bld_modern
database\bld_modern\438057.jpg,database\bld_modern
database\bld_modern\438062.jpg,database\bld_modern
database\bld_modern\438076.jpg,database\bld_modern
database\bld_modern\438077.jpg,database\bld_modern
database\bld_modern\438084.jpg,database\bld_modern
database\bld_modern\438086.jpg,database\bld_modern
database\bld_modern\438097.jpg,database\bld_modern
database\bld_modern\462003.jpg,database\bld_modern
database\bld_modern\462007.jpg,database\bld_modern
database\bld_modern\462009.jpg,database\bld_modern
database\bld_modern\462011.jpg,database\bld_modern
database\bld_modern\462012.jpg,database\bld_modern
database\bld_modern\462017.jpg,database\bld_modern
database\bld_modern\462018.jpg,database\bld_modern
database\bld_modern\462020.jpg,database\bld_modern
database\bld_modern\462021.jpg,database\bld_modern
database\bld_modern\462022.jpg,database\bld_modern
database\bld_modern\462023.jpg,database\bld_modern
database\bld_modern\462025.jpg,database\bld_modern
database\bld_modern\462028.jpg,database\bld_modern
database\bld_modern\462029.jpg,database\bld_modern
database\bld_modern\462030.jpg,database\bld_modern
database\bld_modern\462033.jpg,database\bld_modern
database\bld_modern\462034.jpg,database\bld_modern
database\bld_modern\462036.jpg,database\bld_modern
database\bld_modern\462038.jpg,database\bld_modern
database\bld_modern\462039.jpg,database\bld_modern
database\bld_modern\462040.jpg,database\bld_modern
database\bld_modern\462044.jpg,database\bld_modern
database\bld_modern\462045.jpg,database\bld_modern
database\bld_modern\462046.jpg,database\bld_modern
database\bld_modern\462047.jpg,database\bld_modern
database\bld_modern\462048.jpg,database\bld_modern
database\bld_modern\462049.jpg,database\bld_modern
database\bld_modern\462050.jpg,database\bld_modern
database\bld_modern\462051.jpg,database\bld_modern
database\bld_modern\462052.jpg,database\bld_modern
database\bld_modern\462055.jpg,database\bld_modern
database\bld_modern\462056.jpg,database\bld_modern
database\bld_modern\462057.jpg,database\bld_modern
database\bld_modern\462081.jpg,database\bld_modern
database\bld_modern\462082.jpg,database\bld_modern
database\bld_modern\462089.jpg,database\bld_modern
database\bld_modern\462090.jpg,database\bld_modern
database\bld_modern\462093.jpg,database\bld_modern
database\bld_modern\462095.jpg,database\bld_modern
database\bld_modern\462097.jpg,database\bld_modern
database\bld_modern\487000.jpg,database\bld_modern
database\bld_modern\487001.jpg,database\bld_modern
database\bld_modern\487002.jpg,database\bld_modern
database\bld_modern\487003.jpg,database\bld_modern
database\bld_modern\487005.jpg,database\bld_modern
database\bld_modern\487006.jpg,database\bld_modern
database\bld_modern\487009.jpg,database\bld_modern
database\bld_modern\487011.jpg,database\bld_modern
database\bld_modern\487012.jpg,database\bld_modern
database\bld_modern\487013.jpg,database\bld_modern
database\bld_modern\487014.jpg,database\bld_modern
database\bld_modern\487015.jpg,database\bld_modern
database\bld_modern\487016.jpg,database\bld_modern
database\bld_modern\487017.jpg,database\bld_modern
database\bld_modern\487018.jpg,database\bld_modern
database\bld_modern\487019.jpg,database\bld_modern
database\bld_modern\487020.jpg,database\bld_modern
database\bld_modern\487021.jpg,database\bld_modern
database\bld_modern\487022.jpg,database\bld_modern
database\bld_modern\487024.jpg,database\bld_modern
database\bld_modern\487025.jpg,database\bld_modern
database\bld_modern\487026.jpg,database\bld_modern
database\bld_modern\487027.jpg,database\bld_modern
database\bld_modern\487028.jpg,database\bld_modern
database\bld_modern\487029.jpg,database\bld_modern
database\bld_modern\487030.jpg,database\bld_modern
database\bld_modern\487031.jpg,database\bld_modern
database\bld_modern\487032.jpg,database\bld_modern
database\bld_modern\487033.jpg,database\bld_modern
database\bld_modern\487034.jpg,database\bld_modern
database\bld_modern\487035.jpg,database\bld_modern
database\bld_modern\487036.jpg,database\bld_modern
database\bld_modern\487037.jpg,database\bld_modern
database\bld_modern\487038.jpg,database\bld_modern
database\bld_modern\487039.jpg,database\bld_modern
database\bld_modern\487040.jpg,database\bld_modern
database\bld_modern\487041.jpg,database\bld_modern
database\bld_modern\487042.jpg,database\bld_modern
database\bld_modern\487043.jpg,database\bld_modern
database\bld_modern\487044.jpg,database\bld_modern
database\bld_modern\487045.jpg,database\bld_modern
database\bld_modern\487046.jpg,database\bld_modern
database\bld_modern\487047.jpg,database\bld_modern
database\bld_modern\487048.jpg,database\bld_modern
database\bld_modern\487049.jpg,database\bld_modern
database\bld_modern\487050.jpg,database\bld_modern
database\bld_modern\487053.jpg,database\bld_modern
database\bld_modern\487054.jpg,database\bld_modern
database\bld_modern\487055.jpg,database\bld_modern
database\bld_modern\487056.jpg,database\bld_modern
database\bld_modern\487057.jpg,database\bld_modern
database\bld_modern\487058.jpg,database\bld_modern
database\bld_modern\487059.jpg,database\bld_modern
database\bld_modern\487060.jpg,database\bld_modern
database\bld_modern\487061.jpg,database\bld_modern
database\bld_modern\487062.jpg,database\bld_modern
database\bld_modern\487063.jpg,database\bld_modern
database\bld_modern\487064.jpg,database\bld_modern
database\bld_modern\487065.jpg,database\bld_modern
database\bld_modern\487066.jpg,database\bld_modern
database\bld_modern\487069.jpg,database\bld_modern
database\bld_modern\487070.jpg,database\bld_modern
database\bld_modern\487071.jpg,database\bld_modern
database\bld_modern\487072.jpg,database\bld_modern
database\bld_modern\487073.jpg,database\bld_modern
database\bld_modern\487074.jpg,database\bld_modern
database\bld_modern\487075.jpg,database\bld_modern
database\bld_modern\487076.jpg,database\bld_modern
database\bld_modern\487078.jpg,database\bld_modern
database\bld_modern\487079.jpg,database\bld_modern
database\bld_modern\487080.jpg,database\bld_modern
database\bld_modern\487081.jpg,database\bld_modern
database\bld_modern\487082.jpg,database\bld_modern
database\bld_modern\487084.jpg,database\bld_modern
database\bld_modern\487085.jpg,database\bld_modern
database\bld_modern\487086.jpg,database\bld_modern
database\bld_modern\487087.jpg,database\bld_modern
database\bld_modern\487088.jpg,database\bld_modern
database\bld_modern\487092.jpg,database\bld_modern
database\bld_modern\487095.jpg,database\bld_modern
database\bld_modern\487096.jpg,database\bld_modern
database\bld_modern\487097.jpg,database\bld_modern
database\bld_modern\487098.jpg,database\bld_modern
database\bld_modern\487099.jpg,database\bld_modern
database\eat_feasts\569000.jpg,database\eat_feasts
database\eat_feasts\569001.jpg,database\eat_feasts
database\eat_feasts\569002.jpg,database\eat_feasts
database\eat_feasts\569003.jpg,database\eat_feasts
database\eat_feasts\569004.jpg,database\eat_feasts
database\eat_feasts\569005.jpg,database\eat_feasts
database\eat_feasts\569006.jpg,database\eat_feasts
database\eat_feasts\569007.jpg,database\eat_feasts
database\eat_feasts\569008.jpg,database\eat_feasts
database\eat_feasts\569009.jpg,database\eat_feasts
database\eat_feasts\569010.jpg,database\eat_feasts
database\eat_feasts\569011.jpg,database\eat_feasts
database\eat_feasts\569012.jpg,database\eat_feasts
database\eat_feasts\569013.jpg,database\eat_feasts
database\eat_feasts\569014.jpg,database\eat_feasts
database\eat_feasts\569015.jpg,database\eat_feasts
database\eat_feasts\569016.jpg,database\eat_feasts
database\eat_feasts\569017.jpg,database\eat_feasts
database\eat_feasts\569018.jpg,database\eat_feasts
database\eat_feasts\569019.jpg,database\eat_feasts
database\eat_feasts\569020.jpg,database\eat_feasts
database\eat_feasts\569021.jpg,database\eat_feasts
database\eat_feasts\569022.jpg,database\eat_feasts
database\eat_feasts\569023.jpg,database\eat_feasts
database\eat_feasts\569024.jpg,database\eat_feasts
database\eat_feasts\569025.jpg,database\eat_feasts
database\eat_feasts\569026.jpg,database\eat_feasts
database\eat_feasts\569027.jpg,database\eat_feasts
database\eat_feasts\569028.jpg,database\eat_feasts
database\eat_feasts\569029.jpg,database\eat_feasts
database\eat_feasts\569030.jpg,database\eat_feasts
database\eat_feasts\569031.jpg,database\eat_feasts
database\eat_feasts\569032.jpg,database\eat_feasts
database\eat_feasts\569033.jpg,database\eat_feasts
database\eat_feasts\569034.jpg,database\eat_feasts
database\eat_feasts\569035.jpg,database\eat_feasts
database\eat_feasts\569036.jpg,database\eat_feasts
database\eat_feasts\569037.jpg,database\eat_feasts
database\eat_feasts\569038.jpg,database\eat_feasts
database\eat_feasts\569039.jpg,database\eat_feasts
database\eat_feasts\569040.jpg,database\eat_feasts
database\eat_feasts\569041.jpg,database\eat_feasts
database\eat_feasts\569042.jpg,database\eat_feasts
database\eat_feasts\569043.jpg,database\eat_feasts
database\eat_feasts\569044.jpg,database\eat_feasts
database\eat_feasts\569045.jpg,database\eat_feasts
database\eat_feasts\569046.jpg,database\eat_feasts
database\eat_feasts\569047.jpg,database\eat_feasts
database\eat_feasts\569048.jpg,database\eat_feasts
database\eat_feasts\569049.jpg,database\eat_feasts
database\eat_feasts\569050.jpg,database\eat_feasts
database\eat_feasts\569051.jpg,database\eat_feasts
database\eat_feasts\569052.jpg,database\eat_feasts
database\eat_feasts\569053.jpg,database\eat_feasts
database\eat_feasts\569054.jpg,database\eat_feasts
database\eat_feasts\569055.jpg,database\eat_feasts
database\eat_feasts\569056.jpg,database\eat_feasts
database\eat_feasts\569057.jpg,database\eat_feasts
database\eat_feasts\569058.jpg,database\eat_feasts
database\eat_feasts\569059.jpg,database\eat_feasts
database\eat_feasts\569060.jpg,database\eat_feasts
database\eat_feasts\569061.jpg,database\eat_feasts
database\eat_feasts\569062.jpg,database\eat_feasts
database\eat_feasts\569063.jpg,database\eat_feasts
database\eat_feasts\569064.jpg,database\eat_feasts
database\eat_feasts\569065.jpg,database\eat_feasts
database\eat_feasts\569066.jpg,database\eat_feasts
database\eat_feasts\569067.jpg,database\eat_feasts
database\eat_feasts\569068.jpg,database\eat_feasts
database\eat_feasts\569069.jpg,database\eat_feasts
database\eat_feasts\569070.jpg,database\eat_feasts
database\eat_feasts\569071.jpg,database\eat_feasts
database\eat_feasts\569072.jpg,database\eat_feasts
database\eat_feasts\569073.jpg,database\eat_feasts
database\eat_feasts\569074.jpg,database\eat_feasts
database\eat_feasts\569075.jpg,database\eat_feasts
database\eat_feasts\569076.jpg,database\eat_feasts
database\eat_feasts\569077.jpg,database\eat_feasts
database\eat_feasts\569078.jpg,database\eat_feasts
database\eat_feasts\569079.jpg,database\eat_feasts
database\eat_feasts\569080.jpg,database\eat_feasts
database\eat_feasts\569081.jpg,database\eat_feasts
database\eat_feasts\569082.jpg,database\eat_feasts
database\eat_feasts\569083.jpg,database\eat_feasts
database\eat_feasts\569084.jpg,database\eat_feasts
database\eat_feasts\569085.jpg,database\eat_feasts
database\eat_feasts\569086.jpg,database\eat_feasts
database\eat_feasts\569087.jpg,database\eat_feasts
database\eat_feasts\569088.jpg,database\eat_feasts
database\eat_feasts\569089.jpg,database\eat_feasts
database\eat_feasts\569090.jpg,database\eat_feasts
database\eat_feasts\569091.jpg,database\eat_feasts
database\eat_feasts\569092.jpg,database\eat_feasts
database\eat_feasts\569093.jpg,database\eat_feasts
database\eat_feasts\569094.jpg,database\eat_feasts
database\eat_feasts\569095.jpg,database\eat_feasts
database\eat_feasts\569096.jpg,database\eat_feasts
database\eat_feasts\569097.jpg,database\eat_feasts
database\eat_feasts\569098.jpg,database\eat_feasts
database\eat_feasts\569099.jpg,database\eat_feasts
database\fitness\280000.jpg,database\fitness
database\fitness\280001.jpg,database\fitness
database\fitness\280002.jpg,database\fitness
database\fitness\280003.jpg,database\fitness
database\fitness\280004.jpg,database\fitness
database\fitness\280005.jpg,database\fitness
database\fitness\280006.jpg,database\fitness
database\fitness\280007.jpg,database\fitness
database\fitness\280008.jpg,database\fitness
database\fitness\280009.jpg,database\fitness
database\fitness\280010.jpg,database\fitness
database\fitness\280011.jpg,database\fitness
database\fitness\280012.jpg,database\fitness
database\fitness\280013.jpg,database\fitness
database\fitness\280014.jpg,database\fitness
database\fitness\280015.jpg,database\fitness
database\fitness\280016.jpg,database\fitness
database\fitness\280017.jpg,database\fitness
database\fitness\280018.jpg,database\fitness
database\fitness\280019.jpg,database\fitness
database\fitness\280020.jpg,database\fitness
database\fitness\280021.jpg,database\fitness
database\fitness\280022.jpg,database\fitness
database\fitness\280023.jpg,database\fitness
database\fitness\280024.jpg,database\fitness
database\fitness\280025.jpg,database\fitness
database\fitness\280026.jpg,database\fitness
database\fitness\280027.jpg,database\fitness
database\fitness\280028.jpg,database\fitness
database\fitness\280029.jpg,database\fitness
database\fitness\280030.jpg,database\fitness
database\fitness\280031.jpg,database\fitness
database\fitness\280032.jpg,database\fitness
database\fitness\280033.jpg,database\fitness
database\fitness\280034.jpg,database\fitness
database\fitness\280035.jpg,database\fitness
database\fitness\280036.jpg,database\fitness
database\fitness\280037.jpg,database\fitness
database\fitness\280038.jpg,database\fitness
database\fitness\280039.jpg,database\fitness
database\fitness\280040.jpg,database\fitness
database\fitness\280041.jpg,database\fitness
database\fitness\280042.jpg,database\fitness
database\fitness\280043.jpg,database\fitness
database\fitness\280044.jpg,database\fitness
database\fitness\280045.jpg,database\fitness
database\fitness\280046.jpg,database\fitness
database\fitness\280047.jpg,database\fitness
database\fitness\280048.jpg,database\fitness
database\fitness\280049.jpg,database\fitness
database\fitness\280050.jpg,database\fitness
database\fitness\280051.jpg,database\fitness
database\fitness\280052.jpg,database\fitness
database\fitness\280053.jpg,database\fitness
database\fitness\280054.jpg,database\fitness
database\fitness\280055.jpg,database\fitness
database\fitness\280056.jpg,database\fitness
database\fitness\280057.jpg,database\fitness
database\fitness\280058.jpg,database\fitness
database\fitness\280059.jpg,database\fitness
database\fitness\280060.jpg,database\fitness
database\fitness\280061.jpg,database\fitness
database\fitness\280062.jpg,database\fitness
database\fitness\280063.jpg,database\fitness
database\fitness\280064.jpg,database\fitness
database\fitness\280065.jpg,database\fitness
database\fitness\280066.jpg,database\fitness
database\fitness\280067.jpg,database\fitness
database\fitness\280068.jpg,database\fitness
database\fitness\280069.jpg,database\fitness
database\fitness\280070.jpg,database\fitness
database\fitness\280071.jpg,database\fitness
database\fitness\280072.jpg,database\fitness
database\fitness\280073.jpg,database\fitness
database\fitness\280074.jpg,database\fitness
database\fitness\280075.jpg,database\fitness
database\fitness\280076.jpg,database\fitness
database\fitness\280077.jpg,database\fitness
database\fitness\280078.jpg,database\fitness
database\fitness\280079.jpg,database\fitness
database\fitness\280080.jpg,database\fitness
database\fitness\280081.jpg,database\fitness
database\fitness\280082.jpg,database\fitness
database\fitness\280083.jpg,database\fitness
database\fitness\280084.jpg,database\fitness
database\fitness\280085.jpg,database\fitness
database\fitness\280086.jpg,database\fitness
database\fitness\280087.jpg,database\fitness
database\fitness\280088.jpg,database\fitness
database\fitness\280089.jpg,database\fitness
database\fitness\280090.jpg,database\fitness
database\fitness\280091.jpg,database\fitness
database\fitness\280092.jpg,database\fitness
database\fitness\280093.jpg,database\fitness
database\fitness\280094.jpg,database\fitness
database\fitness\280095.jpg,database\fitness
database\fitness\280096.jpg,database\fitness
database\fitness\280097.jpg,database\fitness
database\fitness\280098.jpg,database\fitness
database\fitness\280099.jpg,database\fitness
database\fitness\282000.jpg,database\fitness
database\fitness\282001.jpg,database\fitness
database\fitness\282002.jpg,database\fitness
database\fitness\282003.jpg,database\fitness
database\fitness\282004.jpg,database\fitness
database\fitness\282005.jpg,database\fitness
database\fitness\282006.jpg,database\fitness
database\fitness\282007.jpg,database\fitness
database\fitness\282008.jpg,database\fitness
database\fitness\282009.jpg,database\fitness
database\fitness\282010.jpg,database\fitness
database\fitness\282011.jpg,database\fitness
database\fitness\282012.jpg,database\fitness
database\fitness\282013.jpg,database\fitness
database\fitness\282014.jpg,database\fitness
database\fitness\282015.jpg,database\fitness
database\fitness\282016.jpg,database\fitness
database\fitness\282017.jpg,database\fitness
database\fitness\282018.jpg,database\fitness
database\fitness\282019.jpg,database\fitness
database\fitness\282020.jpg,database\fitness
database\fitness\282021.jpg,database\fitness
database\fitness\282022.jpg,database\fitness
database\fitness\282023.jpg,database\fitness
database\fitness\282024.jpg,database\fitness
database\fitness\282025.jpg,database\fitness
database\fitness\282026.jpg,database\fitness
database\fitness\282027.jpg,database\fitness
database\fitness\282028.jpg,database\fitness
database\fitness\282029.jpg,database\fitness
database\fitness\282030.jpg,database\fitness
database\fitness\282031.jpg,database\fitness
database\fitness\282032.jpg,database\fitness
database\fitness\282033.jpg,database\fitness
database\fitness\282034.jpg,database\fitness
database\fitness\282035.jpg,database\fitness
database\fitness\282036.jpg,database\fitness
database\fitness\282037.jpg,database\fitness
database\fitness\282038.jpg,database\fitness
database\fitness\282039.jpg,database\fitness
database\fitness\282040.jpg,database\fitness
database\fitness\282041.jpg,database\fitness
database\fitness\282042.jpg,database\fitness
database\fitness\282043.jpg,database\fitness
database\fitness\282044.jpg,database\fitness
database\fitness\282045.jpg,database\fitness
database\fitness\282046.jpg,database\fitness
database\fitness\282047.jpg,database\fitness
database\fitness\282048.jpg,database\fitness
database\fitness\282049.jpg,database\fitness
database\fitness\282050.jpg,database\fitness
database\fitness\282051.jpg,database\fitness
database\fitness\282052.jpg,database\fitness
database\fitness\282053.jpg,database\fitness
database\fitness\282054.jpg,database\fitness
database\fitness\282055.jpg,database\fitness
database\fitness\282056.jpg,database\fitness
database\fitness\282057.jpg,database\fitness
database\fitness\282058.jpg,database\fitness
database\fitness\282059.jpg,database\fitness
database\fitness\282060.jpg,database\fitness
database\fitness\282061.jpg,database\fitness
database\fitness\282062.jpg,database\fitness
database\fitness\282063.jpg,database\fitness
database\fitness\282064.jpg,database\fitness
database\fitness\282065.jpg,database\fitness
database\fitness\282066.jpg,database\fitness
database\fitness\282067.jpg,database\fitness
database\fitness\282068.jpg,database\fitness
database\fitness\282069.jpg,database\fitness
database\fitness\282070.jpg,database\fitness
database\fitness\282071.jpg,database\fitness
database\fitness\282072.jpg,database\fitness
database\fitness\282073.jpg,database\fitness
database\fitness\282074.jpg,database\fitness
database\fitness\282075.jpg,database\fitness
database\fitness\282076.jpg,database\fitness
database\fitness\282077.jpg,database\fitness
database\fitness\282078.jpg,database\fitness
database\fitness\282079.jpg,database\fitness
database\fitness\282080.jpg,database\fitness
database\fitness\282081.jpg,database\fitness
database\fitness\282082.jpg,database\fitness
database\fitness\282083.jpg,database\fitness
database\fitness\282084.jpg,database\fitness
database\fitness\282085.jpg,database\fitness
database\fitness\282086.jpg,database\fitness
database\fitness\282087.jpg,database\fitness
database\fitness\282088.jpg,database\fitness
database\fitness\282089.jpg,database\fitness
database\fitness\282090.jpg,database\fitness
database\fitness\282091.jpg,database\fitness
database\fitness\282092.jpg,database\fitness
database\fitness\282093.jpg,database\fitness
database\fitness\282094.jpg,database\fitness
database\fitness\282095.jpg,database\fitness
database\fitness\282096.jpg,database\fitness
database\fitness\282097.jpg,database\fitness
database\fitness\282098.jpg,database\fitness
database\fitness\282099.jpg,database\fitness
database\obj_aviation\360000.jpg,database\obj_aviation
database\obj_aviation\360001.jpg,database\obj_aviation
database\obj_aviation\360002.jpg,database\obj_aviation
database\obj_aviation\360003.jpg,database\obj_aviation
database\obj_aviation\360004.jpg,database\obj_aviation
database\obj_aviation\360005.jpg,database\obj_aviation
database\obj_aviation\360006.jpg,database\obj_aviation
database\obj_aviation\360007.jpg,database\obj_aviation
database\obj_aviation\360008.jpg,database\obj_aviation
database\obj_aviation\360009.jpg,database\obj_aviation
database\obj_aviation\360010.jpg,database\obj_aviation
database\obj_aviation\360011.jpg,database\obj_aviation
database\obj_aviation\360012.jpg,database\obj_aviation
database\obj_aviation\360013.jpg,database\obj_aviation
database\obj_aviation\360014.jpg,database\obj_aviation
database\obj_aviation\360015.jpg,database\obj_aviation
database\obj_aviation\360016.jpg,database\obj_aviation
database\obj_aviation\360017.jpg,database\obj_aviation
database\obj_aviation\360018.jpg,database\obj_aviation
database\obj_aviation\360019.jpg,database\obj_aviation
database\obj_aviation\360020.jpg,database\obj_aviation
database\obj_aviation\360021.jpg,database\obj_aviation
database\obj_aviation\360022.jpg,database\obj_aviation
database\obj_aviation\360023.jpg,database\obj_aviation
database\obj_aviation\360024.jpg,database\obj_aviation
database\obj_aviation\360025.jpg,database\obj_aviation
database\obj_aviation\360026.jpg,database\obj_aviation
database\obj_aviation\360027.jpg,database\obj_aviation
database\obj_aviation\360028.jpg,database\obj_aviation
database\obj_aviation\360029.jpg,database\obj_aviation
database\obj_aviation\360030.jpg,database\obj_aviation
database\obj_aviation\360031.jpg,database\obj_aviation
database\obj_aviation\360032.jpg,database\obj_aviation
database\obj_aviation\360033.jpg,database\obj_aviation
database\obj_aviation\360034.jpg,database\obj_aviation
database\obj_aviation\360035.jpg,database\obj_aviation
database\obj_aviation\360036.jpg,database\obj_aviation
database\obj_aviation\360037.jpg,database\obj_aviation
database\obj_aviation\360038.jpg,database\obj_aviation
database\obj_aviation\360039.jpg,database\obj_aviation
database\obj_aviation\360040.jpg,database\obj_aviation
database\obj_aviation\360041.jpg,database\obj_aviation
database\obj_aviation\360042.jpg,database\obj_aviation
database\obj_aviation\360043.jpg,database\obj_aviation
database\obj_aviation\360044.jpg,database\obj_aviation
database\obj_aviation\360045.jpg,database\obj_aviation
database\obj_aviation\360046.jpg,database\obj_aviation
database\obj_aviation\360047.jpg,database\obj_aviation
database\obj_aviation\360048.jpg,database\obj_aviation
database\obj_aviation\360049.jpg,database\obj_aviation
database\obj_aviation\360050.jpg,database\obj_aviation
database\obj_aviation\360051.jpg,database\obj_aviation
database\obj_aviation\360052.jpg,database\obj_aviation
database\obj_aviation\360053.jpg,database\obj_aviation
database\obj_aviation\360054.jpg,database\obj_aviation
database\obj_aviation\360055.jpg,database\obj_aviation
database\obj_aviation\360056.jpg,database\obj_aviation
database\obj_aviation\360057.jpg,database\obj_aviation
database\obj_aviation\360058.jpg,database\obj_aviation
database\obj_aviation\360059.jpg,database\obj_aviation
database\obj_aviation\360060.jpg,database\obj_aviation
database\obj_aviation\360061.jpg,database\obj_aviation
database\obj_aviation\360062.jpg,database\obj_aviation
database\obj_aviation\360063.jpg,database\obj_aviation
database\obj_aviation\360064.jpg,database\obj_aviation
database\obj_aviation\360065.jpg,database\obj_aviation
database\obj_aviation\360066.jpg,database\obj_aviation
database\obj_aviation\360067.jpg,database\obj_aviation
database\obj_aviation\360068.jpg,database\obj_aviation
database\obj_aviation\360069.jpg,database\obj_aviation
database\obj_aviation\360070.jpg,database\obj_aviation
database\obj_aviation\360071.jpg,database\obj_aviation
database\obj_aviation\360072.jpg,database\obj_aviation
database\obj_aviation\360073.jpg,database\obj_aviation
database\obj_aviation\360074.jpg,database\obj_aviation
database\obj_aviation\360075.jpg,database\obj_aviation
database\obj_aviation\360076.jpg,database\obj_aviation
database\obj_aviation\360077.jpg,database\obj_aviation
database\obj_aviation\360078.jpg,database\obj_aviation
database\obj_aviation\360079.jpg,database\obj_aviation
database\obj_aviation\360080.jpg,database\obj_aviation
database\obj_aviation\360081.jpg,database\obj_aviation
database\obj_aviation\360082.jpg,database\obj_aviation
database\obj_aviation\360083.jpg,database\obj_aviation
database\obj_aviation\360084.jpg,database\obj_aviation
database\obj_aviation\360085.jpg,database\obj_aviation
database\obj_aviation\360086.jpg,database\obj_aviation
database\obj_aviation\360087.jpg,database\obj_aviation
database\obj_aviation\360088.jpg,database\obj_aviation
database\obj_aviation\360089.jpg,database\obj_aviation
database\obj_aviation\360090.jpg,database\obj_aviation
database\obj_aviation\360091.jpg,database\obj_aviation
database\obj_aviation\360092.jpg,database\obj_aviation
database\obj_aviation\360093.jpg,database\obj_aviation
database\obj_aviation\360094.jpg,database\obj_aviation
database\obj_aviation\360095.jpg,database\obj_aviation
database\obj_aviation\360096.jpg,database\obj_aviation
database\obj_aviation\360097.jpg,database\obj_aviation
database\obj_aviation\360098.jpg,database\obj_aviation
database\obj_aviation\360099.jpg,database\obj_aviation
database\obj_bus\581000.jpg,database\obj_bus
database\obj_bus\581001.jpg,database\obj_bus
database\obj_bus\581002.jpg,database\obj_bus
database\obj_bus\581003.jpg,database\obj_bus
database\obj_bus\581004.jpg,database\obj_bus
database\obj_bus\581005.jpg,database\obj_bus
database\obj_bus\581006.jpg,database\obj_bus
database\obj_bus\581007.jpg,database\obj_bus
database\obj_bus\581008.jpg,database\obj_bus
database\obj_bus\581009.jpg,database\obj_bus
database\obj_bus\581010.jpg,database\obj_bus
database\obj_bus\581011.jpg,database\obj_bus
database\obj_bus\581012.jpg,database\obj_bus
database\obj_bus\581013.jpg,database\obj_bus
database\obj_bus\581014.jpg,database\obj_bus
database\obj_bus\581015.jpg,database\obj_bus
database\obj_bus\581016.jpg,database\obj_bus
database\obj_bus\581017.jpg,database\obj_bus
database\obj_bus\581018.jpg,database\obj_bus
database\obj_bus\581019.jpg,database\obj_bus
database\obj_bus\581020.jpg,database\obj_bus
database\obj_bus\581021.jpg,database\obj_bus
database\obj_bus\581022.jpg,database\obj_bus
database\obj_bus\581023.jpg,database\obj_bus
database\obj_bus\581024.jpg,database\obj_bus
database\obj_bus\581025.jpg,database\obj_bus
database\obj_bus\581026.jpg,database\obj_bus
database\obj_bus\581027.jpg,database\obj_bus
database\obj_bus\581028.jpg,database\obj_bus
database\obj_bus\581029.jpg,database\obj_bus
database\obj_bus\581030.jpg,database\obj_bus
database\obj_bus\581031.jpg,database\obj_bus
database\obj_bus\581032.jpg,database\obj_bus
database\obj_bus\581033.jpg,database\obj_bus
database\obj_bus\581034.jpg,database\obj_bus
database\obj_bus\581035.jpg,database\obj_bus
database\obj_bus\581036.jpg,database\obj_bus
database\obj_bus\581037.jpg,database\obj_bus
database\obj_bus\581038.jpg,database\obj_bus
database\obj_bus\581039.jpg,database\obj_bus
database\obj_bus\581040.jpg,database\obj_bus
database\obj_bus\581041.jpg,database\obj_bus
database\obj_bus\581042.jpg,database\obj_bus
database\obj_bus\581043.jpg,database\obj_bus
database\obj_bus\581044.jpg,database\obj_bus
database\obj_bus\581045.jpg,database\obj_bus
database\obj_bus\581046.jpg,database\obj_bus
database\obj_bus\581047.jpg,database\obj_bus
database\obj_bus\581048.jpg,database\obj_bus
database\obj_bus\581049.jpg,database\obj_bus
database\obj_bus\581050.jpg,database\obj_bus
database\obj_bus\581051.jpg,database\obj_bus
database\obj_bus\581052.jpg,database\obj_bus
database\obj_bus\581053.jpg,database\obj_bus
database\obj_bus\581054.jpg,database\obj_bus
database\obj_bus\581055.jpg,database\obj_bus
database\obj_bus\581056.jpg,database\obj_bus
database\obj_bus\581057.jpg,database\obj_bus
database\obj_bus\581058.jpg,database\obj_bus
database\obj_bus\581059.jpg,database\obj_bus
database\obj_bus\581060.jpg,database\obj_bus
database\obj_bus\581061.jpg,database\obj_bus
database\obj_bus\581062.jpg,database\obj_bus
database\obj_bus\581063.jpg,database\obj_bus
database\obj_bus\581064.jpg,database\obj_bus
database\obj_bus\581065.jpg,database\obj_bus
database\obj_bus\581066.jpg,database\obj_bus
database\obj_bus\581067.jpg,database\obj_bus
database\obj_bus\581068.jpg,database\obj_bus
database\obj_bus\581069.jpg,database\obj_bus
database\obj_bus\581070.jpg,database\obj_bus
database\obj_bus\581071.jpg,database\obj_bus
database\obj_bus\581072.jpg,database\obj_bus
database\obj_bus\581073.jpg,database\obj_bus
database\obj_bus\581074.jpg,database\obj_bus
database\obj_bus\581075.jpg,database\obj_bus
database\obj_bus\581076.jpg,database\obj_bus
database\obj_bus\581077.jpg,database\obj_bus
database\obj_bus\581078.jpg,database\obj_bus
database\obj_bus\581079.jpg,database\obj_bus
database\obj_bus\581080.jpg,database\obj_bus
database\obj_bus\581081.jpg,database\obj_bus
database\obj_bus\581082.jpg,database\obj_bus
database\obj_bus\581083.jpg,database\obj_bus
database\obj_bus\581084.jpg,database\obj_bus
database\obj_bus\581085.jpg,database\obj_bus
database\obj_bus\581086.jpg,database\obj_bus
database\obj_bus\581087.jpg,database\obj_bus
database\obj_bus\581088.jpg,database\obj_bus
database\obj_bus\581089.jpg,database\obj_bus
database\obj_bus\581090.jpg,database\obj_bus
database\obj_bus\581091.jpg,database\obj_bus
database\obj_bus\581092.jpg,database\obj_bus
database\obj_bus\581093.jpg,database\obj_bus
database\obj_bus\581094.jpg,database\obj_bus
database\obj_bus\581095.jpg,database\obj_bus
database\obj_bus\581096.jpg,database\obj_bus
database\obj_bus\581097.jpg,database\obj_bus
database\obj_bus\581098.jpg,database\obj_bus
database\obj_bus\581099.jpg,database\obj_bus
database\obj_car\273001.jpg,database\obj_car
database\obj_car\273011.jpg,database\obj_car
database\obj_car\273020.jpg,database\obj_car
database\obj_car\273021.jpg,database\obj_car
database\obj_car\273022.jpg,database\obj_car
database\obj_car\273026.jpg,database\obj_car
database\obj_car\273027.jpg,database\obj_car
database\obj_car\273061.jpg,database\obj_car
database\obj_car\273062.jpg,database\obj_car
database\obj_car\273063.jpg,database\obj_car
database\obj_car\273064.jpg,database\obj_car
database\obj_car\273065.jpg,database\obj_car
database\obj_car\273066.jpg,database\obj_car
database\obj_car\273067.jpg,database\obj_car
database\obj_car\273097.jpg,database\obj_car
database\obj_car\273098.jpg,database\obj_car
database\obj_car\29000.jpg,database\obj_car
database\obj_car\29001.jpg,database\obj_car
database\obj_car\29002.jpg,database\obj_car
database\obj_car\29003.jpg,database\obj_car
database\obj_car\29005.jpg,database\obj_car
database\obj_car\29006.jpg,database\obj_car
database\obj_car\29007.jpg,database\obj_car
database\obj_car\29008.jpg,database\obj_car
database\obj_car\29009.jpg,database\obj_car
database\obj_car\29010.jpg,database\obj_car
database\obj_car\29011.jpg,database\obj_car
database\obj_car\29012.jpg,database\obj_car
database\obj_car\29013.jpg,database\obj_car
database\obj_car\29014.jpg,database\obj_car
database\obj_car\29015.jpg,database\obj_car
database\obj_car\29017.jpg,database\obj_car
database\obj_car\29019.jpg,database\obj_car
database\obj_car\29020.jpg,database\obj_car
database\obj_car\29021.jpg,database\obj_car
database\obj_car\29022.jpg,database\obj_car
database\obj_car\29023.jpg,database\obj_car
database\obj_car\29024.jpg,database\obj_car
database\obj_car\29026.jpg,database\obj_car
database\obj_car\29027.jpg,database\obj_car
database\obj_car\29029.jpg,database\obj_car
database\obj_car\29030.jpg,database\obj_car
database\obj_car\29031.jpg,database\obj_car
database\obj_car\29032.jpg,database\obj_car
database\obj_car\29033.jpg,database\obj_car
database\obj_car\29034.jpg,database\obj_car
database\obj_car\29035.jpg,database\obj_car
database\obj_car\29036.jpg,database\obj_car
database\obj_car\29037.jpg,database\obj_car
database\obj_car\29038.jpg,database\obj_car
database\obj_car\29039.jpg,database\obj_car
database\obj_car\29040.jpg,database\obj_car
database\obj_car\29041.jpg,database\obj_car
database\obj_car\29042.jpg,database\obj_car
database\obj_car\29043.jpg,database\obj_car
database\obj_car\29044.jpg,database\obj_car
database\obj_car\29045.jpg,database\obj_car
database\obj_car\29047.jpg,database\obj_car
database\obj_car\29048.jpg,database\obj_car
database\obj_car\29049.jpg,database\obj_car
database\obj_car\29050.jpg,database\obj_car
database\obj_car\29051.jpg,database\obj_car
database\obj_car\29052.jpg,database\obj_car
database\obj_car\29053.jpg,database\obj_car
database\obj_car\29054.jpg,database\obj_car
database\obj_car\29055.jpg,database\obj_car
database\obj_car\29056.jpg,database\obj_car
database\obj_car\29057.jpg,database\obj_car
database\obj_car\29058.jpg,database\obj_car
database\obj_car\29059.jpg,database\obj_car
database\obj_car\29060.jpg,database\obj_car
database\obj_car\29061.jpg,database\obj_car
database\obj_car\29062.jpg,database\obj_car
database\obj_car\29063.jpg,database\obj_car
database\obj_car\29064.jpg,database\obj_car
database\obj_car\29065.jpg,database\obj_car
database\obj_car\29066.jpg,database\obj_car
database\obj_car\29067.jpg,database\obj_car
database\obj_car\29068.jpg,database\obj_car
database\obj_car\29069.jpg,database\obj_car
database\obj_car\29070.jpg,database\obj_car
database\obj_car\29071.jpg,database\obj_car
database\obj_car\29072.jpg,database\obj_car
database\obj_car\29073.jpg,database\obj_car
database\obj_car\29074.jpg,database\obj_car
database\obj_car\29075.jpg,database\obj_car
database\obj_car\29076.jpg,database\obj_car
database\obj_car\29077.jpg,database\obj_car
database\obj_car\29078.jpg,database\obj_car
database\obj_car\29079.jpg,database\obj_car
database\obj_car\29080.jpg,database\obj_car
database\obj_car\29081.jpg,database\obj_car
database\obj_car\29082.jpg,database\obj_car
database\obj_car\29083.jpg,database\obj_car
database\obj_car\29084.jpg,database\obj_car
database\obj_car\29085.jpg,database\obj_car
database\obj_car\29086.jpg,database\obj_car
database\obj_car\29087.jpg,database\obj_car
database\obj_car\29088.jpg,database\obj_car
database\obj_car\29089.jpg,database\obj_car
database\obj_car\29090.jpg,database\obj_car
database\obj_car\29091.jpg,database\obj_car
database\obj_car\29092.jpg,database\obj_car
database\obj_car\29093.jpg,database\obj_car
database\obj_car\29094.jpg,database\obj_car
database\obj_car\29095.jpg,database\obj_car
database\obj_car\29096.jpg,database\obj_car
database\obj_car\29097.jpg,database\obj_car
database\obj_car\29098.jpg,database\obj_car
database\obj_car\29099.jpg,database\obj_car
database\obj_car\354000.jpg,database\obj_car
database\obj_car\354001.jpg,database\obj_car
database\obj_car\354002.jpg,database\obj_car
database\obj_car\354003.jpg,database\obj_car
database\obj_car\354004.jpg,database\obj_car
database\obj_car\354005.jpg,database\obj_car
database\obj_car\354006.jpg,database\obj_car
database\obj_car\354007.jpg,database\obj_car
database\obj_car\354008.jpg,database\obj_car
database\obj_car\354009.jpg,database\obj_car
database\obj_car\354010.jpg,database\obj_car
database\obj_car\354011.jpg,database\obj_car
database\obj_car\354012.jpg,database\obj_car
database\obj_car\354013.jpg,database\obj_car
database\obj_car\354014.jpg,database\obj_car
database\obj_car\354015.jpg,database\obj_car
database\obj_car\354016.jpg,database\obj_car
database\obj_car\354017.jpg,database\obj_car
database\obj_car\354018.jpg,database\obj_car
database\obj_car\354019.jpg,database\obj_car
database\obj_car\354020.jpg,database\obj_car
database\obj_car\354021.jpg,database\obj_car
database\obj_car\354022.jpg,database\obj_car
database\obj_car\354023.jpg,database\obj_car
database\obj_car\354024.jpg,database\obj_car
database\obj_car\354025.jpg,database\obj_car
database\obj_car\354026.jpg,database\obj_car
database\obj_car\354027.jpg,database\obj_car
database\obj_car\354028.jpg,database\obj_car
database\obj_car\354029.jpg,database\obj_car
database\obj_car\354030.jpg,database\obj_car
database\obj_car\354031.jpg,database\obj_car
database\obj_car\354032.jpg,database\obj_car
database\obj_car\354033.jpg,database\obj_car
database\obj_car\354034.jpg,database\obj_car
database\obj_car\354035.jpg,database\obj_car
database\obj_car\354036.jpg,database\obj_car
database\obj_car\354037.jpg,database\obj_car
database\obj_car\354038.jpg,database\obj_car
database\obj_car\354039.jpg,database\obj_car
database\obj_car\354040.jpg,database\obj_car
database\obj_car\354041.jpg,database\obj_car
database\obj_car\354042.jpg,database\obj_car
database\obj_car\354043.jpg,database\obj_car
database\obj_car\354044.jpg,database\obj_car
database\obj_car\354045.jpg,database\obj_car
database\obj_car\354046.jpg,database\obj_car
database\obj_car\354047.jpg,database\obj_car
database\obj_car\354048.jpg,database\obj_car
database\obj_car\354049.jpg,database\obj_car
database\obj_car\354050.jpg,database\obj_car
database\obj_car\354051.jpg,database\obj_car
database\obj_car\354052.jpg,database\obj_car
database\obj_car\354053.jpg,database\obj_car
database\obj_car\354054.jpg,database\obj_car
database\obj_car\354055.jpg,database\obj_car
database\obj_car\354056.jpg,database\obj_car
database\obj_car\354057.jpg,database\obj_car
database\obj_car\354058.jpg,database\obj_car
database\obj_car\354059.jpg,database\obj_car
database\obj_car\354060.jpg,database\obj_car
database\obj_car\354061.jpg,database\obj_car
database\obj_car\354062.jpg,database\obj_car
database\obj_car\354063.jpg,database\obj_car
database\obj_car\354064.jpg,database\obj_car
database\obj_car\354065.jpg,database\obj_car
database\obj_car\354066.jpg,database\obj_car
database\obj_car\354067.jpg,database\obj_car
database\obj_car\354068.jpg,database\obj_car
database\obj_car\354069.jpg,database\obj_car
database\obj_car\354070.jpg,database\obj_car
database\obj_car\354071.jpg,database\obj_car
database\obj_car\354072.jpg,database\obj_car
database\obj_car\354073.jpg,database\obj_car
database\obj_car\354074.jpg,database\obj_car
database\obj_car\354075.jpg,database\obj_car
database\obj_car\354076.jpg,database\obj_car
database\obj_car\354077.jpg,database\obj_car
database\obj_car\354078.jpg,database\obj_car
database\obj_car\354079.jpg,database\obj_car
database\obj_car\354080.jpg,database\obj_car
database\obj_car\354081.jpg,database\obj_car
database\obj_car\354082.jpg,database\obj_car
database\obj_car\354083.jpg,database\obj_car
database\obj_car\354084.jpg,database\obj_car
database\obj_car\354085.jpg,database\obj_car
database\obj_car\354086.jpg,database\obj_car
database\obj_car\354087.jpg,database\obj_car
database\obj_car\354088.jpg,database\obj_car
database\obj_car\354089.jpg,database\obj_car
database\obj_car\354090.jpg,database\obj_car
database\obj_car\354091.jpg,database\obj_car
database\obj_car\354092.jpg,database\obj_car
database\obj_car\354093.jpg,database\obj_car
database\obj_car\354094.jpg,database\obj_car
database\obj_car\354095.jpg,database\obj_car
database\obj_car\354096.jpg,database\obj_car
database\obj_car\354097.jpg,database\obj_car
database\obj_car\354098.jpg,database\obj_car
database\obj_car\354099.jpg,database\obj_car
database\obj_car\447000.jpg,database\obj_car
database\obj_car\447001.jpg,database\obj_car
database\obj_car\447002.jpg,database\obj_car
database\obj_car\447003.jpg,database\obj_car
database\obj_car\447004.jpg,database\obj_car
database\obj_car\447005.jpg,database\obj_car
database\obj_car\447006.jpg,database\obj_car
database\obj_car\447007.jpg,database\obj_car
database\obj_car\447008.jpg,database\obj_car
database\obj_car\447009.jpg,database\obj_car
database\obj_car\447010.jpg,database\obj_car
database\obj_car\447011.jpg,database\obj_car
database\obj_car\447012.jpg,database\obj_car
database\obj_car\447013.jpg,database\obj_car
database\obj_car\447014.jpg,database\obj_car
database\obj_car\447015.jpg,database\obj_car
database\obj_car\447016.jpg,database\obj_car
database\obj_car\447017.jpg,database\obj_car
database\obj_car\447018.jpg,database\obj_car
database\obj_car\447019.jpg,database\obj_car
database\obj_car\447020.jpg,database\obj_car
database\obj_car\447021.jpg,database\obj_car
database\obj_car\447022.jpg,database\obj_car
database\obj_car\447023.jpg,database\obj_car
database\obj_car\447024.jpg,database\obj_car
database\obj_car\447025.jpg,database\obj_car
database\obj_car\447026.jpg,database\obj_car
database\obj_car\447027.jpg,database\obj_car
database\obj_car\447028.jpg,database\obj_car
database\obj_car\447029.jpg,database\obj_car
database\obj_car\447030.jpg,database\obj_car
database\obj_car\447031.jpg,database\obj_car
database\obj_car\447032.jpg,database\obj_car
database\obj_car\447033.jpg,database\obj_car
database\obj_car\447034.jpg,database\obj_car
database\obj_car\447035.jpg,database\obj_car
database\obj_car\447036.jpg,database\obj_car
database\obj_car\447037.jpg,database\obj_car
database\obj_car\447038.jpg,database\obj_car
database\obj_car\447039.jpg,database\obj_car
database\obj_car\447040.jpg,database\obj_car
database\obj_car\447041.jpg,database\obj_car
database\obj_car\447042.jpg,database\obj_car
database\obj_car\447043.jpg,database\obj_car
database\obj_car\447044.jpg,database\obj_car
database\obj_car\447045.jpg,database\obj_car
database\obj_car\447046.jpg,database\obj_car
database\obj_car\447047.jpg,database\obj_car
database\obj_car\447048.jpg,database\obj_car
database\obj_car\447049.jpg,database\obj_car
database\obj_car\447050.jpg,database\obj_car
database\obj_car\447051.jpg,database\obj_car
database\obj_car\447052.jpg,database\obj_car
database\obj_car\447053.jpg,database\obj_car
database\obj_car\447054.jpg,database\obj_car
database\obj_car\447055.jpg,database\obj_car
database\obj_car\447056.jpg,database\obj_car
database\obj_car\447057.jpg,database\obj_car
database\obj_car\447058.jpg,database\obj_car
database\obj_car\447059.jpg,database\obj_car
database\obj_car\447060.jpg,database\obj_car
database\obj_car\447061.jpg,database\obj_car
database\obj_car\447062.jpg,database\obj_car
database\obj_car\447063.jpg,database\obj_car
database\obj_car\447064.jpg,database\obj_car
database\obj_car\447065.jpg,database\obj_car
database\obj_car\447066.jpg,database\obj_car
database\obj_car\447067.jpg,database\obj_car
database\obj_car\447068.jpg,database\obj_car
database\obj_car\447069.jpg,database\obj_car
database\obj_car\447070.jpg,database\obj_car
database\obj_car\447071.jpg,database\obj_car
database\obj_car\447072.jpg,database\obj_car
database\obj_car\447073.jpg,database\obj_car
database\obj_car\447074.jpg,database\obj_car
database\obj_car\447075.jpg,database\obj_car
database\obj_car\447076.jpg,database\obj_car
database\obj_car\447077.jpg,database\obj_car
database\obj_car\447078.jpg,database\obj_car
database\obj_car\447079.jpg,database\obj_car
database\obj_car\447080.jpg,database\obj_car
database\obj_car\447081.jpg,database\obj_car
database\obj_car\447082.jpg,database\obj_car
database\obj_car\447083.jpg,database\obj_car
database\obj_car\447084.jpg,database\obj_car
database\obj_car\447085.jpg,database\obj_car
database\obj_car\447086.jpg,database\obj_car
database\obj_car\447087.jpg,database\obj_car
database\obj_car\447088.jpg,database\obj_car
database\obj_car\447089.jpg,database\obj_car
database\obj_car\447090.jpg,database\obj_car
database\obj_car\447091.jpg,database\obj_car
database\obj_car\447092.jpg,database\obj_car
database\obj_car\447093.jpg,database\obj_car
database\obj_car\447094.jpg,database\obj_car
database\obj_car\447095.jpg,database\obj_car
database\obj_car\447096.jpg,database\obj_car
database\obj_car\447097.jpg,database\obj_car
database\obj_car\447098.jpg,database\obj_car
database\obj_car\447099.jpg,database\obj_car
database\obj_car\521000.jpg,database\obj_car
database\obj_car\521001.jpg,database\obj_car
database\obj_car\521002.jpg,database\obj_car
database\obj_car\521003.jpg,database\obj_car
database\obj_car\521004.jpg,database\obj_car
database\obj_car\521005.jpg,database\obj_car
database\obj_car\521006.jpg,database\obj_car
database\obj_car\521007.jpg,database\obj_car
database\obj_car\521008.jpg,database\obj_car
database\obj_car\521009.jpg,database\obj_car
database\obj_car\521010.jpg,database\obj_car
database\obj_car\521011.jpg,database\obj_car
database\obj_car\521012.jpg,database\obj_car
database\obj_car\521013.jpg,database\obj_car
database\obj_car\521014.jpg,database\obj_car
database\obj_car\521015.jpg,database\obj_car
database\obj_car\521016.jpg,database\obj_car
database\obj_car\521017.jpg,database\obj_car
database\obj_car\521018.jpg,database\obj_car
database\obj_car\521019.jpg,database\obj_car
database\obj_car\521020.jpg,database\obj_car
database\obj_car\521021.jpg,database\obj_car
database\obj_car\521022.jpg,database\obj_car
database\obj_car\521023.jpg,database\obj_car
database\obj_car\521024.jpg,database\obj_car
database\obj_car\521025.jpg,database\obj_car
database\obj_car\521026.jpg,database\obj_car
database\obj_car\521027.jpg,database\obj_car
database\obj_car\521028.jpg,database\obj_car
database\obj_car\521029.jpg,database\obj_car
database\obj_car\521030.jpg,database\obj_car
database\obj_car\521031.jpg,database\obj_car
database\obj_car\521032.jpg,database\obj_car
database\obj_car\521033.jpg,database\obj_car
database\obj_car\521034.jpg,database\obj_car
database\obj_car\521035.jpg,database\obj_car
database\obj_car\521036.jpg,database\obj_car
database\obj_car\521037.jpg,database\obj_car
database\obj_car\521038.jpg,database\obj_car
database\obj_car\521039.jpg,database\obj_car
database\obj_car\521040.jpg,database\obj_car
database\obj_car\521041.jpg,database\obj_car
database\obj_car\521042.jpg,database\obj_car
database\obj_car\521043.jpg,database\obj_car
database\obj_car\521044.jpg,database\obj_car
database\obj_car\521045.jpg,database\obj_car
database\obj_car\521046.jpg,database\obj_car
database\obj_car\521047.jpg,database\obj_car
database\obj_car\521048.jpg,database\obj_car
database\obj_car\521049.jpg,database\obj_car
database\obj_car\521050.jpg,database\obj_car
database\obj_car\521051.jpg,database\obj_car
database\obj_car\521052.jpg,database\obj_car
database\obj_car\521053.jpg,database\obj_car
database\obj_car\521054.jpg,database\obj_car
database\obj_car\521055.jpg,database\obj_car
database\obj_car\521056.jpg,database\obj_car
database\obj_car\521057.jpg,database\obj_car
database\obj_car\521058.jpg,database\obj_car
database\obj_car\521059.jpg,database\obj_car
database\obj_car\521060.jpg,database\obj_car
database\obj_car\521061.jpg,database\obj_car
database\obj_car\521062.jpg,database\obj_car
database\obj_car\521063.jpg,database\obj_car
database\obj_car\521064.jpg,database\obj_car
database\obj_car\521065.jpg,database\obj_car
database\obj_car\521066.jpg,database\obj_car
database\obj_car\521067.jpg,database\obj_car
database\obj_car\521068.jpg,database\obj_car
database\obj_car\521069.jpg,database\obj_car
database\obj_car\521070.jpg,database\obj_car
database\obj_car\521071.jpg,database\obj_car
database\obj_car\521072.jpg,database\obj_car
database\obj_car\521073.jpg,database\obj_car
database\obj_car\521074.jpg,database\obj_car
database\obj_car\521075.jpg,database\obj_car
database\obj_car\521076.jpg,database\obj_car
database\obj_car\521077.jpg,database\obj_car
database\obj_car\521078.jpg,database\obj_car
database\obj_car\521079.jpg,database\obj_car
database\obj_car\521080.jpg,database\obj_car
database\obj_car\521081.jpg,database\obj_car
database\obj_car\521082.jpg,database\obj_car
database\obj_car\521083.jpg,database\obj_car
database\obj_car\521084.jpg,database\obj_car
database\obj_car\521085.jpg,database\obj_car
database\obj_car\521086.jpg,database\obj_car
database\obj_car\521087.jpg,database\obj_car
database\obj_car\521088.jpg,database\obj_car
database\obj_car\521089.jpg,database\obj_car
database\obj_car\521090.jpg,database\obj_car
database\obj_car\521091.jpg,database\obj_car
database\obj_car\521092.jpg,database\obj_car
database\obj_car\521093.jpg,database\obj_car
database\obj_car\521094.jpg,database\obj_car
database\obj_car\521095.jpg,database\obj_car
database\obj_car\521096.jpg,database\obj_car
database\obj_car\521097.jpg,database\obj_car
database\obj_car\521098.jpg,database\obj_car
database\obj_car\521099.jpg,database\obj_car
database\obj_decoys\655000.jpg,database\obj_decoys
database\obj_decoys\655001.jpg,database\obj_decoys
database\obj_decoys\655002.jpg,database\obj_decoys
database\obj_decoys\655003.jpg,database\obj_decoys
database\obj_decoys\655004.jpg,database\obj_decoys
database\obj_decoys\655005.jpg,database\obj_decoys
database\obj_decoys\655006.jpg,database\obj_decoys
database\obj_decoys\655007.jpg,database\obj_decoys
database\obj_decoys\655008.jpg,database\obj_decoys
database\obj_decoys\655009.jpg,database\obj_decoys
database\obj_decoys\655010.jpg,database\obj_decoys
database\obj_decoys\655011.jpg,database\obj_decoys
database\obj_decoys\655012.jpg,database\obj_decoys
database\obj_decoys\655013.jpg,database\obj_decoys
database\obj_decoys\655014.jpg,database\obj_decoys
database\obj_decoys\655015.jpg,database\obj_decoys
database\obj_decoys\655016.jpg,database\obj_decoys
database\obj_decoys\655017.jpg,database\obj_decoys
database\obj_decoys\655018.jpg,database\obj_decoys
database\obj_decoys\655019.jpg,database\obj_decoys
database\obj_decoys\655020.jpg,database\obj_decoys
database\obj_decoys\655021.jpg,database\obj_decoys
database\obj_decoys\655022.jpg,database\obj_decoys
database\obj_decoys\655023.jpg,database\obj_decoys
database\obj_decoys\655024.jpg,database\obj_decoys
database\obj_decoys\655025.jpg,database\obj_decoys
database\obj_decoys\655026.jpg,database\obj_decoys
database\obj_decoys\655027.jpg,database\obj_decoys
database\obj_decoys\655028.jpg,database\obj_decoys
database\obj_decoys\655029.jpg,database\obj_decoys
database\obj_decoys\655030.jpg,database\obj_decoys
database\obj_decoys\655031.jpg,database\obj_decoys
database\obj_decoys\655032.jpg,database\obj_decoys
database\obj_decoys\655033.jpg,database\obj_decoys
database\obj_decoys\655034.jpg,database\obj_decoys
database\obj_decoys\655035.jpg,database\obj_decoys
database\obj_decoys\655036.jpg,database\obj_decoys
database\obj_decoys\655037.jpg,database\obj_decoys
database\obj_decoys\655038.jpg,database\obj_decoys
database\obj_decoys\655039.jpg,database\obj_decoys
database\obj_decoys\655040.jpg,database\obj_decoys
database\obj_decoys\655041.jpg,database\obj_decoys
database\obj_decoys\655042.jpg,database\obj_decoys
database\obj_decoys\655043.jpg,database\obj_decoys
database\obj_decoys\655044.jpg,database\obj_decoys
database\obj_decoys\655045.jpg,database\obj_decoys
database\obj_decoys\655046.jpg,database\obj_decoys
database\obj_decoys\655047.jpg,database\obj_decoys
database\obj_decoys\655048.jpg,database\obj_decoys
database\obj_decoys\655049.jpg,database\obj_decoys
database\obj_decoys\655050.jpg,database\obj_decoys
database\obj_decoys\655051.jpg,database\obj_decoys
database\obj_decoys\655052.jpg,database\obj_decoys
database\obj_decoys\655053.jpg,database\obj_decoys
database\obj_decoys\655054.jpg,database\obj_decoys
database\obj_decoys\655055.jpg,database\obj_decoys
database\obj_decoys\655056.jpg,database\obj_decoys
database\obj_decoys\655057.jpg,database\obj_decoys
database\obj_decoys\655058.jpg,database\obj_decoys
database\obj_decoys\655059.jpg,database\obj_decoys
database\obj_decoys\655060.jpg,database\obj_decoys
database\obj_decoys\655061.jpg,database\obj_decoys
database\obj_decoys\655062.jpg,database\obj_decoys
database\obj_decoys\655063.jpg,database\obj_decoys
database\obj_decoys\655064.jpg,database\obj_decoys
database\obj_decoys\655065.jpg,database\obj_decoys
database\obj_decoys\655066.jpg,database\obj_decoys
database\obj_decoys\655067.jpg,database\obj_decoys
database\obj_decoys\655068.jpg,database\obj_decoys
database\obj_decoys\655069.jpg,database\obj_decoys
database\obj_decoys\655070.jpg,database\obj_decoys
database\obj_decoys\655071.jpg,database\obj_decoys
database\obj_decoys\655072.jpg,database\obj_decoys
database\obj_decoys\655073.jpg,database\obj_decoys
database\obj_decoys\655074.jpg,database\obj_decoys
database\obj_decoys\655075.jpg,database\obj_decoys
database\obj_decoys\655076.jpg,database\obj_decoys
database\obj_decoys\655077.jpg,database\obj_decoys
database\obj_decoys\655078.jpg,database\obj_decoys
database\obj_decoys\655079.jpg,database\obj_decoys
database\obj_decoys\655080.jpg,database\obj_decoys
database\obj_decoys\655081.jpg,database\obj_decoys
database\obj_decoys\655082.jpg,database\obj_decoys
database\obj_decoys\655083.jpg,database\obj_decoys
database\obj_decoys\655084.jpg,database\obj_decoys
database\obj_decoys\655085.jpg,database\obj_decoys
database\obj_decoys\655086.jpg,database\obj_decoys
database\obj_decoys\655087.jpg,database\obj_decoys
database\obj_decoys\655088.jpg,database\obj_decoys
database\obj_decoys\655089.jpg,database\obj_decoys
database\obj_decoys\655090.jpg,database\obj_decoys
database\obj_decoys\655091.jpg,database\obj_decoys
database\obj_decoys\655092.jpg,database\obj_decoys
database\obj_decoys\655093.jpg,database\obj_decoys
database\obj_decoys\655094.jpg,database\obj_decoys
database\obj_decoys\655095.jpg,database\obj_decoys
database\obj_decoys\655096.jpg,database\obj_decoys
database\obj_decoys\655097.jpg,database\obj_decoys
database\obj_decoys\655098.jpg,database\obj_decoys
database\obj_decoys\655099.jpg,database\obj_decoys
database\obj_dish\433000.jpg,database\obj_dish
database\obj_dish\433001.jpg,database\obj_dish
database\obj_dish\433002.jpg,database\obj_dish
database\obj_dish\433003.jpg,database\obj_dish
database\obj_dish\433004.jpg,database\obj_dish
database\obj_dish\433005.jpg,database\obj_dish
database\obj_dish\433006.jpg,database\obj_dish
database\obj_dish\433007.jpg,database\obj_dish
database\obj_dish\433008.jpg,database\obj_dish
database\obj_dish\433009.jpg,database\obj_dish
database\obj_dish\433010.jpg,database\obj_dish
database\obj_dish\433011.jpg,database\obj_dish
database\obj_dish\433012.jpg,database\obj_dish
database\obj_dish\433013.jpg,database\obj_dish
database\obj_dish\433014.jpg,database\obj_dish
database\obj_dish\433015.jpg,database\obj_dish
database\obj_dish\433016.jpg,database\obj_dish
database\obj_dish\433017.jpg,database\obj_dish
database\obj_dish\433018.jpg,database\obj_dish
database\obj_dish\433019.jpg,database\obj_dish
database\obj_dish\433020.jpg,database\obj_dish
database\obj_dish\433021.jpg,database\obj_dish
database\obj_dish\433022.jpg,database\obj_dish
database\obj_dish\433023.jpg,database\obj_dish
database\obj_dish\433024.jpg,database\obj_dish
database\obj_dish\433025.jpg,database\obj_dish
database\obj_dish\433026.jpg,database\obj_dish
database\obj_dish\433027.jpg,database\obj_dish
database\obj_dish\433028.jpg,database\obj_dish
database\obj_dish\433029.jpg,database\obj_dish
database\obj_dish\433030.jpg,database\obj_dish
database\obj_dish\433031.jpg,database\obj_dish
database\obj_dish\433032.jpg,database\obj_dish
database\obj_dish\433033.jpg,database\obj_dish
database\obj_dish\433034.jpg,database\obj_dish
database\obj_dish\433035.jpg,database\obj_dish
database\obj_dish\433036.jpg,database\obj_dish
database\obj_dish\433037.jpg,database\obj_dish
database\obj_dish\433038.jpg,database\obj_dish
database\obj_dish\433039.jpg,database\obj_dish
database\obj_dish\433040.jpg,database\obj_dish
database\obj_dish\433041.jpg,database\obj_dish
database\obj_dish\433042.jpg,database\obj_dish
database\obj_dish\433043.jpg,database\obj_dish
database\obj_dish\433044.jpg,database\obj_dish
database\obj_dish\433045.jpg,database\obj_dish
database\obj_dish\433046.jpg,database\obj_dish
database\obj_dish\433047.jpg,database\obj_dish
database\obj_dish\433048.jpg,database\obj_dish
database\obj_dish\433049.jpg,database\obj_dish
database\obj_dish\433050.jpg,database\obj_dish
database\obj_dish\433051.jpg,database\obj_dish
database\obj_dish\433052.jpg,database\obj_dish
database\obj_dish\433053.jpg,database\obj_dish
database\obj_dish\433054.jpg,database\obj_dish
database\obj_dish\433055.jpg,database\obj_dish
database\obj_dish\433056.jpg,database\obj_dish
database\obj_dish\433057.jpg,database\obj_dish
database\obj_dish\433058.jpg,database\obj_dish
database\obj_dish\433059.jpg,database\obj_dish
database\obj_dish\433060.jpg,database\obj_dish
database\obj_dish\433061.jpg,database\obj_dish
database\obj_dish\433062.jpg,database\obj_dish
database\obj_dish\433063.jpg,database\obj_dish
database\obj_dish\433064.jpg,database\obj_dish
database\obj_dish\433065.jpg,database\obj_dish
database\obj_dish\433066.jpg,database\obj_dish
database\obj_dish\433067.jpg,database\obj_dish
database\obj_dish\433068.jpg,database\obj_dish
database\obj_dish\433069.jpg,database\obj_dish
database\obj_dish\433070.jpg,database\obj_dish
database\obj_dish\433071.jpg,database\obj_dish
database\obj_dish\433072.jpg,database\obj_dish
database\obj_dish\433073.jpg,database\obj_dish
database\obj_dish\433074.jpg,database\obj_dish
database\obj_dish\433075.jpg,database\obj_dish
database\obj_dish\433076.jpg,database\obj_dish
database\obj_dish\433077.jpg,database\obj_dish
database\obj_dish\433078.jpg,database\obj_dish
database\obj_dish\433079.jpg,database\obj_dish
database\obj_dish\433080.jpg,database\obj_dish
database\obj_dish\433081.jpg,database\obj_dish
database\obj_dish\433082.jpg,database\obj_dish
database\obj_dish\433083.jpg,database\obj_dish
database\obj_dish\433084.jpg,database\obj_dish
database\obj_dish\433085.jpg,database\obj_dish
database\obj_dish\433086.jpg,database\obj_dish
database\obj_dish\433087.jpg,database\obj_dish
database\obj_dish\433088.jpg,database\obj_dish
database\obj_dish\433089.jpg,database\obj_dish
database\obj_dish\433090.jpg,database\obj_dish
database\obj_dish\433091.jpg,database\obj_dish
database\obj_dish\433092.jpg,database\obj_dish
database\obj_dish\433093.jpg,database\obj_dish
database\obj_dish\433094.jpg,database\obj_dish
database\obj_dish\433095.jpg,database\obj_dish
database\obj_dish\433096.jpg,database\obj_dish
database\obj_dish\433097.jpg,database\obj_dish
database\obj_dish\433098.jpg,database\obj_dish
database\obj_dish\433099.jpg,database\obj_dish